"iso2c","iso3c","country","year","gdp_percap","life_expect","population","region","income"
"AD","AND","Andorra",2015,,,78014,"Europe & Central Asia","High income"
"AE","ARE","United Arab Emirates",2015,70391.2201271925,77.484243902439,9154302,"Middle East & North Africa","High income"
"AF","AFG","Afghanistan",2015,1864.97364128946,63.2981951219512,33736494,"South Asia","Low income"
"AG","ATG","Antigua and Barbuda",2015,21503.9525507046,76.0756341463415,99923,"Latin America & Caribbean","Upper middle income"
"AL","ALB","Albania",2015,11449.0945887246,78.2031463414634,2880703,"Europe & Central Asia","Upper middle income"
"AM","ARM","Armenia",2015,8744.50148850948,74.2061951219512,2916950,"Europe & Central Asia","Lower middle income"
"AO","AGO","Angola",2015,6648.12401629126,61.1893414634146,27859305,"Sub-Saharan Africa","Lower middle income"
"AR","ARG","Argentina",2015,20379.7798541547,76.2930243902439,43417765,"Latin America & Caribbean","Upper middle income"
"AS","ASM","American Samoa",2015,,,55537,"East Asia & Pacific","Upper middle income"
"AT","AUT","Austria",2015,50087.7317434842,81.8439024390244,8633169,"Europe & Central Asia","High income"
"AU","AUS","Australia",2015,46475.9277518569,82.4512195121951,23789338,"East Asia & Pacific","High income"
"AW","ABW","Aruba",2015,,75.5943414634146,104341,"Latin America & Caribbean","High income"
"AZ","AZE","Azerbaijan",2015,17816.5471215147,71.8451951219512,9649341,"Europe & Central Asia","Upper middle income"
"BA","BIH","Bosnia and Herzegovina",2015,11713.0090930295,76.6402926829268,3535961,"Europe & Central Asia","Upper middle income"
"BB","BRB","Barbados",2015,17561.8603441743,75.6379024390244,284217,"Latin America & Caribbean","High income"
"BD","BGD","Bangladesh",2015,3342.23563646935,72.2216097560976,161200886,"South Asia","Low income"
"BE","BEL","Belgium",2015,45629.3520694356,81.2878048780488,11274196,"Europe & Central Asia","High income"
"BF","BFA","Burkina Faso",2015,1703.1799355718,59.8446585365854,18110624,"Sub-Saharan Africa","Low income"
"BG","BGR","Bulgaria",2015,18248.8318642722,74.4658536585366,7177991,"Europe & Central Asia","Upper middle income"
"BH","BHR","Bahrain",2015,46866.5479760067,76.8651951219512,1371855,"Middle East & North Africa","High income"
"BI","BDI","Burundi",2015,798.507983781938,57.0693414634146,10199270,"Sub-Saharan Africa","Low income"
"BJ","BEN","Benin",2015,2120.17163791809,60.5846829268293,10575952,"Sub-Saharan Africa","Low income"
"BM","BMU","Bermuda",2015,,81.0121951219512,65235,"North America","High income"
"BN","BRN","Brunei Darussalam",2015,79593.2807209177,77.066756097561,417542,"East Asia & Pacific","High income"
"BO","BOL","Bolivia",2015,6968.68514822145,68.7498048780488,10724705,"Latin America & Caribbean","Lower middle income"
"BR","BRA","Brazil",2015,15647.6398154455,75.1991219512195,205962108,"Latin America & Caribbean","Upper middle income"
"BS","BHS","Bahamas, The",2015,22492.1072626817,75.3687804878049,386838,"Latin America & Caribbean","High income"
"BT","BTN","Bhutan",2015,8261.61283441216,69.8071219512195,787386,"South Asia","Lower middle income"
"BW","BWA","Botswana",2015,16384.2915564189,65.7510975609756,2209197,"Sub-Saharan Africa","Upper middle income"
"BY","BLR","Belarus",2015,18382.7587497407,73.6243902439025,9489616,"Europe & Central Asia","Upper middle income"
"BZ","BLZ","Belize",2015,8600.89054004966,70.3109756097561,359288,"Latin America & Caribbean","Lower middle income"
"CA","CAN","Canada",2015,44204.9465819306,82.1290243902439,35848610,"North America","High income"
"CD","COD","Congo, Dem. Rep.",2015,800.729411086787,59.1732195121951,76196619,"Sub-Saharan Africa","Low income"
"CF","CAF","Central African Republic",2015,668.337622217426,51.3778536585366,4546100,"Sub-Saharan Africa","Low income"
"CG","COG","Congo, Rep.",2015,5913.8882772912,64.0907317073171,4995648,"Sub-Saharan Africa","Lower middle income"
"CH","CHE","Switzerland",2015,63291.538275518,83.1975609756098,8282396,"Europe & Central Asia","High income"
"CI","CIV","Cote d'Ivoire",2015,3458.57868780136,53.078243902439,23108472,"Sub-Saharan Africa","Lower middle income"
"CL","CHL","Chile",2015,23579.4622742877,79.1606829268293,17762681,"Latin America & Caribbean","Upper middle income"
"CM","CMR","Cameroon",2015,3509.20725380194,57.557512195122,22834522,"Sub-Saharan Africa","Lower middle income"
"CN","CHN","China",2015,14478.1475458518,76.1170975609756,1371220000,"East Asia & Pacific","Upper middle income"
"CO","COL","Colombia",2015,13854.5170085352,74.1561951219512,48228697,"Latin America & Caribbean","Upper middle income"
"CR","CRI","Costa Rica",2015,15912.4400792047,79.6089024390244,4807852,"Latin America & Caribbean","Upper middle income"
"CU","CUB","Cuba",2015,,79.5437073170732,11461432,"Latin America & Caribbean","Upper middle income"
"CW","CUW","Curacao",2015,,,157979,"Latin America & Caribbean","High income"
"CY","CYP","Cyprus",2015,31539.526825782,80.2910487804878,1160985,"Europe & Central Asia","High income"
"CZ","CZE","Czech Republic",2015,34048.1869722215,79.4731707317073,10546059,"Europe & Central Asia","High income"
"DE","DEU","Germany",2015,48170.2634653959,81.090243902439,81686611,"Europe & Central Asia","High income"
"DJ","DJI","Djibouti",2015,3349.39047524937,62.2498292682927,927414,"Middle East & North Africa","Lower middle income"
"DK","DNK","Denmark",2015,48979.2695184822,81.1,5683483,"Europe & Central Asia","High income"
"DM","DMA","Dominica",2015,10607.3228199402,,73162,"Latin America & Caribbean","Upper middle income"
"DO","DOM","Dominican Republic",2015,14266.5039962011,73.7036829268293,10528394,"Latin America & Caribbean","Upper middle income"
"DZ","DZA","Algeria",2015,14643.3430640793,75.8552926829268,39871528,"Middle East & North Africa","Upper middle income"
"EC","ECU","Ecuador",2015,11468.5864304026,76.081512195122,16144368,"Latin America & Caribbean","Upper middle income"
"EE","EST","Estonia",2015,29084.0284275306,77.1317073170732,1315407,"Europe & Central Asia","High income"
"EG","EGY","Egypt, Arab Rep.",2015,10771.3266009234,71.2956585365854,93778172,"Middle East & North Africa","Lower middle income"
"ER","ERI","Eritrea",2015,,64.6243902439025,,"Sub-Saharan Africa","Low income"
"ES","ESP","Spain",2015,34836.9422386739,83.3804878048781,46447697,"Europe & Central Asia","High income"
"ET","ETH","Ethiopia",2015,1635.72114456751,65.0082926829268,99873033,"Sub-Saharan Africa","Low income"
"FI","FIN","Finland",2015,42289.3645670583,81.3853658536585,5479531,"Europe & Central Asia","High income"
"FJ","FJI","Fiji",2015,9045.06797618479,70.2242682926829,892149,"East Asia & Pacific","Lower middle income"
"FM","FSM","Micronesia, Fed. Sts.",2015,3490.21851101972,69.0466341463415,104433,"East Asia & Pacific","Lower middle income"
"FR","FRA","France",2015,41178.141818639,82.6707317073171,66624068,"Europe & Central Asia","High income"
"GA","GAB","Gabon",2015,17963.5086982772,65.6844146341464,1930175,"Sub-Saharan Africa","Upper middle income"
"GB","GBR","United Kingdom",2015,42124.6518920207,81.6048780487805,65128861,"Europe & Central Asia","High income"
"GD","GRD","Grenada",2015,13611.8787270443,73.4995365853659,106823,"Latin America & Caribbean","Upper middle income"
"GE","GEO","Georgia",2015,9629.20072005885,72.9661219512195,3717100,"Europe & Central Asia","Lower middle income"
"GH","GHA","Ghana",2015,4192.7013082271,62.407243902439,27582821,"Sub-Saharan Africa","Lower middle income"
"GI","GIB","Gibraltar",2015,,,34228,"Europe & Central Asia","High income"
"GL","GRL","Greenland",2015,,,56114,"Europe & Central Asia","High income"
"GM","GMB","Gambia, The",2015,1672.97336342058,60.9574390243902,1977590,"Sub-Saharan Africa","Low income"
"GN","GIN","Guinea",2015,1870.3986251602,59.3989512195122,12091533,"Sub-Saharan Africa","Low income"
"GQ","GNQ","Equatorial Guinea",2015,29418.067886318,57.5083902439024,1175389,"Sub-Saharan Africa","High income"
"GR","GRC","Greece",2015,26450.1316144523,81.5878048780488,10820883,"Europe & Central Asia","High income"
"GT","GTM","Guatemala",2015,7780.83325045219,73.0429756097561,16252429,"Latin America & Caribbean","Lower middle income"
"GU","GUM","Guam",2015,,79.3776341463415,161797,"East Asia & Pacific","High income"
"GW","GNB","Guinea-Bissau",2015,1543.28326653337,56.9503902439024,1770526,"Sub-Saharan Africa","Low income"
"GY","GUY","Guyana",2015,7547.69590435012,66.5393658536586,768514,"Latin America & Caribbean","Lower middle income"
"HK","HKG","Hong Kong SAR, China",2015,57069.7558152262,84.2780487804878,7305700,"East Asia & Pacific","High income"
"HN","HND","Honduras",2015,4599.73079715328,73.3246097560976,8960829,"Latin America & Caribbean","Lower middle income"
"HR","HRV","Croatia",2015,22602.188383077,77.2756097560976,4203604,"Europe & Central Asia","High income"
"HT","HTI","Haiti",2015,1761.74798587297,63.0107804878049,10711061,"Latin America & Caribbean","Low income"
"HU","HUN","Hungary",2015,26688.9903921334,75.9609756097561,9843028,"Europe & Central Asia","High income"
"ID","IDN","Indonesia",2015,11061.622853301,69.0386341463415,258162113,"East Asia & Pacific","Lower middle income"
"IE","IRL","Ireland",2015,69627.5409304109,81.5024390243902,4676835,"Europe & Central Asia","High income"
"IL","ISR","Israel",2015,36506.7250328042,82.0512195121951,8380100,"Middle East & North Africa","High income"
"IM","IMN","Isle of Man",2015,,,83167,"Europe & Central Asia","High income"
"IN","IND","India",2015,6139.19396900499,68.3326097560976,1309053980,"South Asia","Lower middle income"
"IQ","IRQ","Iraq",2015,15928.102262656,69.6346097560976,36115649,"Middle East & North Africa","Lower middle income"
"IR","IRN","Iran, Islamic Rep.",2015,17605.3339694832,75.7426341463415,79360487,"Middle East & North Africa","Upper middle income"
"IS","ISL","Iceland",2015,47690.3815762723,82.8609756097561,330815,"Europe & Central Asia","High income"
"IT","ITA","Italy",2015,37407.1635652094,83.490243902439,60730582,"Europe & Central Asia","High income"
"JG","CHI","Channel Islands",2015,,80.8852682926829,163758,"Europe & Central Asia","High income"
"JM","JAM","Jamaica",2015,8637.09157162323,75.8066829268293,2871934,"Latin America & Caribbean","Upper middle income"
"JO","JOR","Jordan",2015,9059.37081223642,74.1910243902439,9159302,"Middle East & North Africa","Upper middle income"
"JP","JPN","Japan",2015,40686.0243855948,83.8436585365854,127141000,"East Asia & Pacific","High income"
"KE","KEN","Kenya",2015,3025.43813570966,66.6456585365854,47236259,"Sub-Saharan Africa","Low income"
"KG","KGZ","Kyrgyz Republic",2015,3454.30123199724,70.6512195121951,5956900,"Europe & Central Asia","Low income"
"KH","KHM","Cambodia",2015,3511.22152298888,68.4720487804878,15517635,"East Asia & Pacific","Low income"
"KI","KIR","Kiribati",2015,2098.97636456072,66.0521951219512,112407,"East Asia & Pacific","Lower middle income"
"KM","COM","Comoros",2015,1507.63774815845,63.4606829268293,777424,"Sub-Saharan Africa","Low income"
"KN","KNA","St. Kitts and Nevis",2015,25787.5897887905,,54288,"Latin America & Caribbean","Upper middle income"
"KR","KOR","Korea, Rep.",2015,34421.5795518247,82.1558536585366,51014947,"East Asia & Pacific","High income"
"KW","KWT","Kuwait",2015,73059.5624424855,74.7468292682927,3935794,"Middle East & North Africa","High income"
"KY","CYM","Cayman Islands",2015,,,59963,"Latin America & Caribbean","High income"
"KZ","KAZ","Kazakhstan",2015,25096.6776050711,72,17544126,"Europe & Central Asia","Upper middle income"
"LA","LAO","Lao PDR",2015,5797.81571044773,66.2840487804878,6663967,"East Asia & Pacific","Lower middle income"
"LB","LBN","Lebanon",2015,14246.4333089536,79.498243902439,5851479,"Middle East & North Africa","Upper middle income"
"LC","LCA","St. Lucia",2015,12754.4870358124,75.283512195122,177206,"Latin America & Caribbean","Upper middle income"
"LI","LIE","Liechtenstein",2015,,82.0731707317073,37403,"Europe & Central Asia","High income"
"LK","LKA","Sri Lanka",2015,11802.2316711951,74.9889512195122,20966000,"South Asia","Lower middle income"
"LR","LBR","Liberia",2015,837.804802087877,61.9802195121951,4499621,"Sub-Saharan Africa","Low income"
"LS","LSO","Lesotho",2015,2889.40954665047,53.5700975609756,2174645,"Sub-Saharan Africa","Lower middle income"
"LT","LTU","Lithuania",2015,28936.2736340633,75.119512195122,2904910,"Europe & Central Asia","Upper middle income"
"LU","LUX","Luxembourg",2015,103732.639290502,82.2292682926829,569604,"Europe & Central Asia","High income"
"LV","LVA","Latvia",2015,24903.9830818359,74.1243902439024,1977527,"Europe & Central Asia","Upper middle income"
"LY","LBY","Libya",2015,,71.8303902439024,6234955,"Middle East & North Africa","Upper middle income"
"MA","MAR","Morocco",2015,7757.2531782284,75.5201463414634,34803322,"Middle East & North Africa","Lower middle income"
"MC","MCO","Monaco",2015,,,38307,"Europe & Central Asia","High income"
"MD","MDA","Moldova",2015,5064.49533337451,71.3712195121951,3554108,"Europe & Central Asia","Lower middle income"
"ME","MNE","Montenegro",2015,16316.0303534865,76.8643170731707,622159,"Europe & Central Asia","Upper middle income"
"MF","MAF","St. Martin (French part)",2015,,79.4707317073171,31754,"Latin America & Caribbean","High income"
"MG","MDG","Madagascar",2015,1469.34443346873,65.5078292682927,24234088,"Sub-Saharan Africa","Low income"
"MH","MHL","Marshall Islands",2015,3910.70520773907,,52994,"East Asia & Pacific","Lower middle income"
"MK","MKD","Macedonia, FYR",2015,14022.7728774425,75.5243170731707,2079308,"Europe & Central Asia","Upper middle income"
"ML","MLI","Mali",2015,2047.6856579788,57.4577073170732,17467905,"Sub-Saharan Africa","Low income"
"MM","MMR","Myanmar",2015,5395.32325411393,66.3856341463415,52403669,"East Asia & Pacific","Low income"
"MN","MNG","Mongolia",2015,12175.762884125,69.1158780487805,2976877,"East Asia & Pacific","Lower middle income"
"MO","MAC","Macao SAR, China",2015,107245.639438688,83.5949024390244,600942,"East Asia & Pacific","High income"
"MP","MNP","Northern Mariana Islands",2015,,,54816,"East Asia & Pacific","High income"
"MR","MRT","Mauritania",2015,3842.67655008244,63.0463658536585,4182341,"Sub-Saharan Africa","Lower middle income"
"MT","MLT","Malta",2015,35875.5256637254,81.9463414634146,431874,"Middle East & North Africa","High income"
"MU","MUS","Mauritius",2015,20126.7124769558,74.3531707317073,1262605,"Sub-Saharan Africa","Upper middle income"
"MV","MDV","Maldives",2015,14952.5156701815,77.1202682926829,409163,"South Asia","Upper middle income"
"MW","MWI","Malawi",2015,1161.5704765354,62.5433658536585,17573607,"Sub-Saharan Africa","Low income"
"MX","MEX","Mexico",2015,17262.7430585894,76.8813658536586,125890949,"Latin America & Caribbean","Upper middle income"
"MY","MYS","Malaysia",2015,26675.0133155455,75.2201951219512,30723155,"East Asia & Pacific","Upper middle income"
"MZ","MOZ","Mozambique",2015,1193.06387975441,57.6092682926829,28010691,"Sub-Saharan Africa","Low income"
"NA","NAM","Namibia",2015,10631.1454590476,63.6364390243902,2425561,"Sub-Saharan Africa","Upper middle income"
"NC","NCL","New Caledonia",2015,,77.7731707317073,273000,"East Asia & Pacific","High income"
"NE","NER","Niger",2015,965.124851166056,59.6818780487805,19896965,"Sub-Saharan Africa","Low income"
"NG","NGA","Nigeria",2015,6050.18502727148,52.9779268292683,181181744,"Sub-Saharan Africa","Lower middle income"
"NI","NIC","Nicaragua",2015,5292.95475484002,75.038,6082035,"Latin America & Caribbean","Lower middle income"
"NL","NLD","Netherlands",2015,50054.1943631504,81.7073170731707,16939923,"Europe & Central Asia","High income"
"NO","NOR","Norway",2015,62066.808188076,82.1,5188607,"Europe & Central Asia","High income"
"NP","NPL","Nepal",2015,2469.17325189077,69.8698536585366,28656282,"South Asia","Low income"
"NZ","NZL","New Zealand",2015,37948.6059007143,81.4568292682927,4595700,"East Asia & Pacific","High income"
"OM","OMN","Oman",2015,42825.5203265257,77.1218292682927,4199810,"Middle East & North Africa","High income"
"PA","PAN","Panama",2015,22058.0659233428,77.8174390243903,3969249,"Latin America & Caribbean","Upper middle income"
"PE","PER","Peru",2015,12555.1420713326,74.7134146341463,31376671,"Latin America & Caribbean","Upper middle income"
"PF","PYF","French Polynesia",2015,,76.691512195122,277690,"East Asia & Pacific","High income"
"PG","PNG","Papua New Guinea",2015,4125.30588407676,65.3877073170732,7919825,"East Asia & Pacific","Lower middle income"
"PH","PHL","Philippines",2015,7334.7101194045,69.0098536585366,101716359,"East Asia & Pacific","Lower middle income"
"PK","PAK","Pakistan",2015,5009.99109271887,66.3321707317073,189380513,"South Asia","Lower middle income"
"PL","POL","Poland",2015,26856.8343762385,78.2048780487805,37986412,"Europe & Central Asia","High income"
"PR","PRI","Puerto Rico",2015,,79.5961219512195,3473181,"Latin America & Caribbean","High income"
"PS","PSE","West Bank and Gaza",2015,,73.3016829268293,4422143,"Middle East & North Africa","Lower middle income"
"PT","PRT","Portugal",2015,29738.1887783994,81.5219512195122,10358076,"Europe & Central Asia","High income"
"PW","PLW","Palau",2015,15985.2056669514,,21288,"East Asia & Pacific","Upper middle income"
"PY","PRY","Paraguay",2015,9217.52907564469,73.0429756097561,6639119,"Latin America & Caribbean","Lower middle income"
"QA","QAT","Qatar",2015,127764.462336519,78.4627073170732,2481539,"Middle East & North Africa","High income"
"RO","ROU","Romania",2015,22118.8179618678,74.9609756097561,19815481,"Europe & Central Asia","Upper middle income"
"RS","SRB","Serbia",2015,14111.9385595468,75.4878048780488,7095383,"Europe & Central Asia","Upper middle income"
"RU","RUS","Russian Federation",2015,23702.8444594834,70.9085365853659,144096870,"Europe & Central Asia","Upper middle income"
"RW","RWA","Rwanda",2015,1830.73432664875,66.6208780487805,11629553,"Sub-Saharan Africa","Low income"
"SA","SAU","Saudi Arabia",2015,54118.7373754591,74.5744878048781,31557144,"Middle East & North Africa","High income"
"SB","SLB","Solomon Islands",2015,2190.87897302746,70.4766829268293,587482,"East Asia & Pacific","Lower middle income"
"SC","SYC","Seychelles",2015,27233.3838415237,73.2292682926829,93419,"Sub-Saharan Africa","Upper middle income"
"SD","SDN","Sudan",2015,4568.08615240843,64.2294146341464,38647803,"Sub-Saharan Africa","Lower middle income"
"SE","SWE","Sweden",2015,48037.8398314551,82.5512195121951,9799186,"Europe & Central Asia","High income"
"SG","SGP","Singapore",2015,86306.3089125656,82.5951219512195,5535002,"East Asia & Pacific","High income"
"SI","SVN","Slovenia",2015,32185.6129001828,81.0780487804878,2063531,"Europe & Central Asia","High income"
"SK","SVK","Slovak Republic",2015,29987.1941524819,77.2121951219512,5423801,"Europe & Central Asia","High income"
"SL","SLE","Sierra Leone",2015,1404.05388991216,51.4128536585366,7237025,"Sub-Saharan Africa","Low income"
"SM","SMR","San Marino",2015,60145.4609318565,,32960,"Europe & Central Asia","High income"
"SN","SEN","Senegal",2015,2447.38507486515,66.6614390243903,14976994,"Sub-Saharan Africa","Lower middle income"
"SO","SOM","Somalia",2015,,55.8728536585366,13908129,"Sub-Saharan Africa","Low income"
"SR","SUR","Suriname",2015,15755.166272391,71.2861951219512,553208,"Latin America & Caribbean","Upper middle income"
"SS","SSD","South Sudan",2015,1929.18506631785,56.3025853658537,11882136,"Sub-Saharan Africa","Not classified"
"ST","STP","Sao Tome and Principe",2015,3144.03086427558,66.4166585365854,195553,"Sub-Saharan Africa","Lower middle income"
"SV","SLV","El Salvador",2015,8370.24737237092,73.0030975609756,6312478,"Latin America & Caribbean","Lower middle income"
"SX","SXM","Sint Maarten (Dutch part)",2015,,,38824,"Latin America & Caribbean","High income"
"SY","SYR","Syrian Arab Republic",2015,,70.2526585365854,18734987,"Middle East & North Africa","Lower middle income"
"SZ","SWZ","Swaziland",2015,8277.78492331218,56.9123658536585,1319011,"Sub-Saharan Africa","Lower middle income"
"TC","TCA","Turks and Caicos Islands",2015,,,34339,"Latin America & Caribbean","High income"
"TD","TCD","Chad",2015,2184.6890334134,52.5539512195122,14009413,"Sub-Saharan Africa","Low income"
"TG","TGO","Togo",2015,1439.68731237292,59.9237073170732,7416802,"Sub-Saharan Africa","Low income"
"TH","THA","Thailand",2015,16256.5252546908,75.068,68657600,"East Asia & Pacific","Upper middle income"
"TJ","TJK","Tajikistan",2015,2817.32868661368,71.0071219512195,8548651,"Europe & Central Asia","Low income"
"TL","TLS","Timor-Leste",2015,2048.66942332069,68.5800243902439,1240977,"East Asia & Pacific","Lower middle income"
"TM","TKM","Turkmenistan",2015,15995.7849336736,67.6410487804878,5565284,"Europe & Central Asia","Lower middle income"
"TN","TUN","Tunisia",2015,11469.3656037515,75.4970487804878,11273661,"Middle East & North Africa","Upper middle income"
"TO","TON","Tonga",2015,5537.2074737407,72.8401707317073,106364,"East Asia & Pacific","Lower middle income"
"TR","TUR","Turkey",2015,24065.6778595181,75.4070975609756,78271472,"Europe & Central Asia","Upper middle income"
"TT","TTO","Trinidad and Tobago",2015,33377.3132963439,70.5888536585366,1360092,"Latin America & Caribbean","High income"
"TV","TUV","Tuvalu",2015,3546.26468156182,,11001,"East Asia & Pacific","Lower middle income"
"TZ","TZA","Tanzania",2015,2652.19565474174,64.9033170731707,53879957,"Sub-Saharan Africa","Low income"
"UA","UKR","Ukraine",2015,7948.14209569081,71.189512195122,45154029,"Europe & Central Asia","Lower middle income"
"UG","UGA","Uganda",2015,1777.45477816537,59.508756097561,40144870,"Sub-Saharan Africa","Low income"
"US","USA","United States",2015,56469.0089691129,78.7414634146342,320896618,"North America","High income"
"UY","URY","Uruguay",2015,21158.7984427669,77.1316341463415,3431552,"Latin America & Caribbean","Upper middle income"
"UZ","UZB","Uzbekistan",2015,6081.76256175703,71.1456829268293,31298900,"Europe & Central Asia","Lower middle income"
"VC","VCT","St. Vincent and the Grenadines",2015,11146.7993097321,73.0649512195122,109455,"Latin America & Caribbean","Upper middle income"
"VE","VEN","Venezuela, RB",2015,,74.391512195122,31155134,"Latin America & Caribbean","Upper middle income"
"VI","VIR","Virgin Islands (U.S.)",2015,,79.8731707317073,103574,"Latin America & Caribbean","High income"
"VN","VNM","Vietnam",2015,6046.73825909872,75.8911951219512,91713300,"East Asia & Pacific","Lower middle income"
"VU","VUT","Vanuatu",2015,2994.65291443304,71.9849024390244,264603,"East Asia & Pacific","Lower middle income"
"WS","WSM","Samoa",2015,5930.85131456011,74.8387073170732,193759,"East Asia & Pacific","Lower middle income"
"YE","YEM","Yemen, Rep.",2015,2817.81553772451,64.7256829268293,26916207,"Middle East & North Africa","Lower middle income"
"ZA","ZAF","South Africa",2015,13256.9870751371,61.9340975609756,55011976.6820294,"Sub-Saharan Africa","Upper middle income"
"ZM","ZMB","Zambia",2015,3869.97686929605,61.3395853658537,16100587,"Sub-Saharan Africa","Lower middle income"
"ZW","ZWE","Zimbabwe",2015,2040.27244892887,60.2793414634146,15777451,"Sub-Saharan Africa","Low income"
